,index,연령대,percent
0,0,청소년,14.04789345626841
1,1,청년,16.39755618590443
2,2,중년,20.86964299404564
3,3,장년,24.63162236136628
4,4,노년,27.61238887658578
